{
  "project_info": {
    "project_number": "327238231676",
    "firebase_url": "https://major-project-money-recorder.firebaseio.com",
    "project_id": "major-project-money-recorder",
    "storage_bucket": "major-project-money-recorder.appspot.com"
  },
  "client": [
    {
      "client_info": {
        "mobilesdk_app_id": "1:327238231676:android:0f446d4c94fc56dc9b4bf9",
        "android_client_info": {
          "package_name": "com.example.moneyrecorder"
        }
      },
      "oauth_client": [
        {
          "client_id": "327238231676-vcdaf7oj1vva23h010h5agtrib261s69.apps.googleusercontent.com",
          "client_type": 1,
          "android_info": {
            "package_name": "com.example.moneyrecorder",
            "certificate_hash": "66fc7eb11cd0e324b303c49f43775933265491cc"
          }
        },
        {
          "client_id": "327238231676-khcvo311kposjimhsljj2qut0c80t8n6.apps.googleusercontent.com",
          "client_type": 3
        }
      ],
      "api_key": [
        {
          "current_key": "AIzaSyCGVBq66qtHFzOmngzX9-FrVeHqeH2kK-I"
        }
      ],
      "services": {
        "appinvite_service": {
          "other_platform_oauth_client": [
            {
              "client_id": "327238231676-khcvo311kposjimhsljj2qut0c80t8n6.apps.googleusercontent.com",
              "client_type": 3
            }
          ]
        }
      }
    }
  ],
  "configuration_version": "1"
}